Entry Date,Exit Date,Direction,Entry Price,Exit Price,Return,Duration,window,num_std,Sharpe,Max Drawdown,Final Return,Win Rate
2006-04-04,2006-04-07,Short,1.2258,1.2101,0.012807962147169234,3,10,1.4,0.207179998400758,-0.20300743741830996,1.2799494580539374,0.659
2006-04-18,2006-05-17,Short,1.2361,1.2725,-0.029447455707467023,29,10,1.4,0.207179998400758,-0.20300743741830996,1.2799494580539374,0.659
2006-06-02,2006-06-06,Short,1.2921,1.2817,0.00804891262286198,4,10,1.4,0.207179998400758,-0.20300743741830996,1.2799494580539374,0.659
2006-06-08,2006-06-21,Long,1.265,1.2664,0.0011067193675889865,13,10,1.4,0.207179998400758,-0.20300743741830996,1.2799494580539374,0.659
2006-06-23,2006-06-29,Long,1.2509,1.2667,0.012630905747861569,6,10,1.4,0.207179998400758,-0.20300743741830996,1.2799494580539374,0.659
2006-06-30,2006-07-12,Short,1.2789,1.27,0.0069591054812728976,12,10,1.4,0.207179998400758,-0.20300743741830996,1.2799494580539374,0.659
2006-07-13,2006-07-21,Long,1.2692,1.2695,0.00023636936653007165,8,10,1.4,0.207179998400758,-0.20300743741830996,1.2799494580539374,0.659
2006-07-28,2006-08-10,Short,1.2747,1.2793,-0.0036086922413118066,13,10,1.4,0.207179998400758,-0.20300743741830996,1.2799494580539374,0.659
2006-08-11,2006-08-16,Long,1.2721,1.2839,0.009276000314440714,5,10,1.4,0.207179998400758,-0.20300743741830996,1.2799494580539374,0.659
2006-08-21,2006-08-22,Short,1.2886,1.2805,0.00628589166537327,1,10,1.4,0.207179998400758,-0.20300743741830996,1.2799494580539374,0.659
2006-09-04,2006-09-06,Short,1.286,1.2804,0.004354587869362402,2,10,1.4,0.207179998400758,-0.20300743741830996,1.2799494580539374,0.659
2006-09-07,2006-09-21,Long,1.2733,1.2781,0.0037697321919421306,14,10,1.4,0.207179998400758,-0.20300743741830996,1.2799494580539374,0.659
2006-09-22,2006-09-26,Short,1.2783,1.2683,0.00782288977548307,4,10,1.4,0.207179998400758,-0.20300743741830996,1.2799494580539374,0.659
2006-10-06,2006-10-19,Long,1.2599,1.2623,0.0019049130883403108,13,10,1.4,0.207179998400758,-0.20300743741830996,1.2799494580539374,0.659
2006-10-20,2006-10-23,Short,1.2615,1.255,0.005152596115735372,3,10,1.4,0.207179998400758,-0.20300743741830996,1.2799494580539374,0.659
2006-10-26,2006-12-08,Short,1.2688,1.3201,-0.04043190416141246,43,10,1.4,0.207179998400758,-0.20300743741830996,1.2799494580539374,0.659
2006-12-14,2006-12-28,Long,1.3144,1.3147,0.00022824102251975574,14,10,1.4,0.207179998400758,-0.20300743741830996,1.2799494580539374,0.659
2007-01-02,2007-01-04,Short,1.3274,1.3083,0.014389031188790037,2,10,1.4,0.207179998400758,-0.20300743741830996,1.2799494580539374,0.659
2007-01-05,2007-01-18,Long,1.3003,1.2963,-0.003076213181573486,13,10,1.4,0.207179998400758,-0.20300743741830996,1.2799494580539374,0.659
2007-01-23,2007-01-25,Short,1.3026,1.2931,0.007293106095501354,2,10,1.4,0.207179998400758,-0.20300743741830996,1.2799494580539374,0.659
2007-01-31,2007-02-02,Short,1.3033,1.2961,0.0055244379651652525,2,10,1.4,0.207179998400758,-0.20300743741830996,1.2799494580539374,0.659
2007-02-14,2007-03-05,Short,1.3129,1.3088,0.003122857795719394,19,10,1.4,0.207179998400758,-0.20300743741830996,1.2799494580539374,0.659
2007-03-14,2007-03-28,Short,1.3224,1.3313,-0.006730187537809973,14,10,1.4,0.207179998400758,-0.20300743741830996,1.2799494580539374,0.659
2007-04-05,2007-04-09,Short,1.3429,1.3353,0.005659393849132513,4,10,1.4,0.207179998400758,-0.20300743741830996,1.2799494580539374,0.659
2007-04-10,2007-05-01,Short,1.3439,1.3604,-0.012277699233573896,21,10,1.4,0.207179998400758,-0.20300743741830996,1.2799494580539374,0.659
2007-05-03,2007-05-15,Long,1.355,1.359,0.0029520295202952055,12,10,1.4,0.207179998400758,-0.20300743741830996,1.2799494580539374,0.659
2007-05-21,2007-06-01,Long,1.3468,1.3448,-0.0014850014850014864,11,10,1.4,0.207179998400758,-0.20300743741830996,1.2799494580539374,0.659
2007-06-04,2007-06-07,Short,1.3489,1.3433,0.004151530877010934,3,10,1.4,0.207179998400758,-0.20300743741830996,1.2799494580539374,0.659
2007-06-08,2007-06-18,Long,1.3372,1.3415,0.0032156745438228916,10,10,1.4,0.207179998400758,-0.20300743741830996,1.2799494580539374,0.659
2007-06-22,2007-07-25,Short,1.347,1.3721,-0.018634001484781088,33,10,1.4,0.207179998400758,-0.20300743741830996,1.2799494580539374,0.659
2007-07-27,2007-08-03,Long,1.3633,1.3773,0.010269199735934873,7,10,1.4,0.207179998400758,-0.20300743741830996,1.2799494580539374,0.659
2007-08-13,2007-08-22,Long,1.3612,1.3543,-0.0050690567146634636,9,10,1.4,0.207179998400758,-0.20300743741830996,1.2799494580539374,0.659
2007-08-24,2007-09-04,Short,1.3674,1.3604,0.005119204329384157,11,10,1.4,0.207179998400758,-0.20300743741830996,1.2799494580539374,0.659
2007-09-06,2007-10-03,Short,1.369,1.4091,-0.02929145361577796,27,10,1.4,0.207179998400758,-0.20300743741830996,1.2799494580539374,0.659
2007-10-08,2007-10-11,Long,1.4056,1.4201,0.010315879339783693,3,10,1.4,0.207179998400758,-0.20300743741830996,1.2799494580539374,0.659
2007-10-15,2007-10-22,Short,1.4212,1.4175,0.0026034337179848275,7,10,1.4,0.207179998400758,-0.20300743741830996,1.2799494580539374,0.659
2007-10-25,2007-11-12,Short,1.4331,1.4531,-0.013955760240039089,18,10,1.4,0.207179998400758,-0.20300743741830996,1.2799494580539374,0.659
2007-11-20,2007-11-29,Short,1.4836,1.4743,0.006268535993529311,9,10,1.4,0.207179998400758,-0.20300743741830996,1.2799494580539374,0.659
2007-11-30,2007-12-10,Long,1.4632,1.4711,0.0053991252050300835,10,10,1.4,0.207179998400758,-0.20300743741830996,1.2799494580539374,0.659
2007-12-14,2007-12-26,Long,1.4429,1.4488,0.0040889874558181554,12,10,1.4,0.207179998400758,-0.20300743741830996,1.2799494580539374,0.659
2007-12-27,2008-01-09,Short,1.4624,1.4657,-0.0022565645514223747,13,10,1.4,0.207179998400758,-0.20300743741830996,1.2799494580539374,0.659
2008-01-10,2008-01-16,Short,1.4804,1.465,0.01040259389354219,6,10,1.4,0.207179998400758,-0.20300743741830996,1.2799494580539374,0.659
2008-01-21,2008-01-24,Long,1.4452,1.4756,0.021035150844173803,3,10,1.4,0.207179998400758,-0.20300743741830996,1.2799494580539374,0.659
2008-01-30,2008-02-05,Short,1.486,1.4644,0.014535666218035035,6,10,1.4,0.207179998400758,-0.20300743741830996,1.2799494580539374,0.659
2008-02-06,2008-02-14,Long,1.463,1.4636,0.0004101161995898386,8,10,1.4,0.207179998400758,-0.20300743741830996,1.2799494580539374,0.659
2008-02-19,2008-03-20,Short,1.4727,1.543,-0.04773545189108443,30,10,1.4,0.207179998400758,-0.20300743741830996,1.2799494580539374,0.659
2008-03-26,2008-04-01,Short,1.5845,1.5619,0.014263174502997761,6,10,1.4,0.207179998400758,-0.20300743741830996,1.2799494580539374,0.659
2008-04-09,2008-04-24,Short,1.5835,1.5678,0.00991474581622976,15,10,1.4,0.207179998400758,-0.20300743741830996,1.2799494580539374,0.659
2008-04-25,2008-05-12,Long,1.5629,1.5541,-0.005630558577004235,17,10,1.4,0.207179998400758,-0.20300743741830996,1.2799494580539374,0.659
2008-05-16,2008-05-29,Short,1.5576,1.5511,0.004173086800205555,13,10,1.4,0.207179998400758,-0.20300743741830996,1.2799494580539374,0.659
2008-06-03,2008-06-06,Long,1.5433,1.5777,0.022289898269941173,3,10,1.4,0.207179998400758,-0.20300743741830996,1.2799494580539374,0.659
2008-06-25,2008-07-03,Short,1.5664,1.5696,-0.0020429009193054723,8,10,1.4,0.207179998400758,-0.20300743741830996,1.2799494580539374,0.659
2008-07-11,2008-07-22,Short,1.5937,1.579,0.009223818786471693,11,10,1.4,0.207179998400758,-0.20300743741830996,1.2799494580539374,0.659
2008-07-23,2008-08-21,Long,1.5684,1.4896,-0.05024228513134403,29,10,1.4,0.207179998400758,-0.20300743741830996,1.2799494580539374,0.659
2008-08-26,2008-09-15,Long,1.4642,1.4282,-0.02458680508127307,20,10,1.4,0.207179998400758,-0.20300743741830996,1.2799494580539374,0.659
2008-09-19,2008-09-29,Short,1.4464,1.4414,0.0034568584070795725,10,10,1.4,0.207179998400758,-0.20300743741830996,1.2799494580539374,0.659
2008-09-30,2008-11-04,Long,1.4115,1.2978,-0.08055260361317741,35,10,1.4,0.207179998400758,-0.20300743741830996,1.2799494580539374,0.659
2008-11-11,2008-11-13,Long,1.2522,1.278,0.020603737422137076,2,10,1.4,0.207179998400758,-0.20300743741830996,1.2799494580539374,0.659
2008-11-20,2008-11-24,Long,1.2449,1.2944,0.03976222989798386,4,10,1.4,0.207179998400758,-0.20300743741830996,1.2799494580539374,0.659
2008-11-25,2008-11-28,Short,1.3049,1.2693,0.027281784044754277,3,10,1.4,0.207179998400758,-0.20300743741830996,1.2799494580539374,0.659
2008-12-10,2008-12-29,Short,1.3018,1.3924,-0.06959594407743126,19,10,1.4,0.207179998400758,-0.20300743741830996,1.2799494580539374,0.659
2009-01-05,2009-01-26,Long,1.3629,1.3186,-0.03250421894489691,21,10,1.4,0.207179998400758,-0.20300743741830996,1.2799494580539374,0.659
2009-01-30,2009-02-03,Long,1.2809,1.3037,0.01779998438597873,4,10,1.4,0.207179998400758,-0.20300743741830996,1.2799494580539374,0.659
2009-02-17,2009-02-20,Long,1.258,1.2825,0.0194753577106518,3,10,1.4,0.207179998400758,-0.20300743741830996,1.2799494580539374,0.659
2009-03-11,2009-03-27,Short,1.2845,1.3286,-0.03433242506811991,16,10,1.4,0.207179998400758,-0.20300743741830996,1.2799494580539374,0.659
2009-04-17,2009-04-23,Long,1.3041,1.3133,0.007054673721340292,6,10,1.4,0.207179998400758,-0.20300743741830996,1.2799494580539374,0.659
2009-04-29,2009-05-15,Short,1.3253,1.3494,-0.01818456198596545,16,10,1.4,0.207179998400758,-0.20300743741830996,1.2799494580539374,0.659
2009-05-20,2009-06-05,Short,1.381,1.3962,-0.011006517016654673,16,10,1.4,0.207179998400758,-0.20300743741830996,1.2799494580539374,0.659
2009-06-15,2009-06-23,Long,1.3783,1.4073,0.021040412101864553,8,10,1.4,0.207179998400758,-0.20300743741830996,1.2799494580539374,0.659
2009-07-01,2009-07-02,Short,1.415,1.3942,0.014699646643109491,1,10,1.4,0.207179998400758,-0.20300743741830996,1.2799494580539374,0.659
2009-07-08,2009-07-09,Long,1.3873,1.4023,0.010812369350537103,1,10,1.4,0.207179998400758,-0.20300743741830996,1.2799494580539374,0.659
2009-07-15,2009-07-28,Short,1.4101,1.4171,-0.004964186937096743,13,10,1.4,0.207179998400758,-0.20300743741830996,1.2799494580539374,0.659
2009-07-29,2009-07-31,Long,1.403,1.4249,0.015609408410548845,2,10,1.4,0.207179998400758,-0.20300743741830996,1.2799494580539374,0.659
2009-08-03,2009-08-07,Short,1.4415,1.4183,0.016094346167187034,4,10,1.4,0.207179998400758,-0.20300743741830996,1.2799494580539374,0.659
2009-08-17,2009-08-19,Long,1.4075,1.4232,0.01115452930728245,2,10,1.4,0.207179998400758,-0.20300743741830996,1.2799494580539374,0.659
2009-08-21,2009-09-01,Short,1.4315,1.4214,0.007055536150890673,11,10,1.4,0.207179998400758,-0.20300743741830996,1.2799494580539374,0.659
2009-09-08,2009-09-24,Short,1.4489,1.466,-0.011802056732693694,16,10,1.4,0.207179998400758,-0.20300743741830996,1.2799494580539374,0.659
2009-09-28,2009-10-05,Long,1.4618,1.4646,0.0019154467095361292,7,10,1.4,0.207179998400758,-0.20300743741830996,1.2799494580539374,0.659
2009-10-08,2009-10-26,Short,1.4793,1.4864,-0.004799567362941854,18,10,1.4,0.207179998400758,-0.20300743741830996,1.2799494580539374,0.659
2009-10-27,2009-11-04,Long,1.4809,1.486,0.0034438517117968007,8,10,1.4,0.207179998400758,-0.20300743741830996,1.2799494580539374,0.659
2009-11-09,2009-11-12,Short,1.4997,1.4845,0.010135360405414484,3,10,1.4,0.207179998400758,-0.20300743741830996,1.2799494580539374,0.659
2009-11-25,2009-12-04,Short,1.5137,1.4857,0.018497720816542263,9,10,1.4,0.207179998400758,-0.20300743741830996,1.2799494580539374,0.659
2009-12-07,2009-12-28,Long,1.4824,1.4377,-0.03015380464112248,21,10,1.4,0.207179998400758,-0.20300743741830996,1.2799494580539374,0.659
2010-01-04,2010-01-07,Short,1.441,1.431,0.006939625260235953,3,10,1.4,0.207179998400758,-0.20300743741830996,1.2799494580539374,0.659
2010-01-11,2010-01-15,Short,1.4516,1.4385,0.00902452466244152,4,10,1.4,0.207179998400758,-0.20300743741830996,1.2799494580539374,0.659
2010-01-19,2010-02-16,Long,1.4285,1.3765,-0.03640182009100458,28,10,1.4,0.207179998400758,-0.20300743741830996,1.2799494580539374,0.659
2010-02-18,2010-02-26,Long,1.3522,1.3626,0.007691169945274341,8,10,1.4,0.207179998400758,-0.20300743741830996,1.2799494580539374,0.659
2010-03-03,2010-03-04,Short,1.3695,1.3579,0.008470244614822806,1,10,1.4,0.207179998400758,-0.20300743741830996,1.2799494580539374,0.659
2010-03-12,2010-03-18,Short,1.3767,1.3604,0.011839907024042987,6,10,1.4,0.207179998400758,-0.20300743741830996,1.2799494580539374,0.659
2010-03-19,2010-03-31,Long,1.3529,1.3506,-0.0017000517407051287,12,10,1.4,0.207179998400758,-0.20300743741830996,1.2799494580539374,0.659
2010-04-12,2010-04-19,Short,1.3584,1.3488,0.007067137809187318,7,10,1.4,0.207179998400758,-0.20300743741830996,1.2799494580539374,0.659
2010-04-22,2010-05-21,Long,1.3287,1.257,-0.0539625197561527,29,10,1.4,0.207179998400758,-0.20300743741830996,1.2799494580539374,0.659
2010-05-26,2010-06-11,Long,1.2157,1.2111,-0.0037838282471003844,16,10,1.4,0.207179998400758,-0.20300743741830996,1.2799494580539374,0.659
2010-06-15,2010-06-28,Short,1.2325,1.2281,0.003569979716024308,13,10,1.4,0.207179998400758,-0.20300743741830996,1.2799494580539374,0.659
2010-06-29,2010-07-01,Long,1.2187,1.2515,0.02691392467383291,2,10,1.4,0.207179998400758,-0.20300743741830996,1.2799494580539374,0.659
2010-07-02,2010-07-21,Short,1.255,1.2754,-0.016254980079681434,19,10,1.4,0.207179998400758,-0.20300743741830996,1.2799494580539374,0.659
2010-07-29,2010-08-11,Short,1.3081,1.2845,0.01804143414112076,13,10,1.4,0.207179998400758,-0.20300743741830996,1.2799494580539374,0.659
2010-08-12,2010-08-27,Long,1.2826,1.2761,-0.005067830968345509,15,10,1.4,0.207179998400758,-0.20300743741830996,1.2799494580539374,0.659
2010-09-01,2010-09-07,Short,1.2803,1.2683,0.009372803249238467,6,10,1.4,0.207179998400758,-0.20300743741830996,1.2799494580539374,0.659
2010-09-14,2010-10-19,Short,1.2986,1.3739,-0.05798552287078386,35,10,1.4,0.207179998400758,-0.20300743741830996,1.2799494580539374,0.659
2010-10-27,2010-10-28,Long,1.3773,1.393,0.011399114208959593,1,10,1.4,0.207179998400758,-0.20300743741830996,1.2799494580539374,0.659
2010-11-02,2010-11-08,Short,1.403,1.392,0.007840342124020043,6,10,1.4,0.207179998400758,-0.20300743741830996,1.2799494580539374,0.659
2010-11-11,2010-12-03,Long,1.3666,1.3414,-0.018439923898726847,22,10,1.4,0.207179998400758,-0.20300743741830996,1.2799494580539374,0.659
2010-12-20,2010-12-29,Long,1.3128,1.3224,0.007312614259597847,9,10,1.4,0.207179998400758,-0.20300743741830996,1.2799494580539374,0.659
2010-12-30,2011-01-05,Short,1.3287,1.3149,0.01038609166854823,6,10,1.4,0.207179998400758,-0.20300743741830996,1.2799494580539374,0.659
2011-01-06,2011-01-13,Long,1.3002,1.3363,0.02776495923704047,7,10,1.4,0.207179998400758,-0.20300743741830996,1.2799494580539374,0.659
2011-01-21,2011-02-03,Short,1.3619,1.363,-0.0008076951318010711,13,10,1.4,0.207179998400758,-0.20300743741830996,1.2799494580539374,0.659
2011-02-23,2011-03-10,Short,1.3744,1.3797,-0.0038562281722932627,15,10,1.4,0.207179998400758,-0.20300743741830996,1.2799494580539374,0.659
2011-03-18,2011-03-25,Short,1.418,1.4085,0.006699576868829226,7,10,1.4,0.207179998400758,-0.20300743741830996,1.2799494580539374,0.659
2011-04-01,2011-04-18,Short,1.4231,1.4225,0.0004216147846250677,17,10,1.4,0.207179998400758,-0.20300743741830996,1.2799494580539374,0.659
2011-04-27,2011-05-05,Short,1.4771,1.4541,0.015571051384469656,8,10,1.4,0.207179998400758,-0.20300743741830996,1.2799494580539374,0.659
2011-05-06,2011-05-19,Long,1.4321,1.4308,-0.0009077578381396948,13,10,1.4,0.207179998400758,-0.20300743741830996,1.2799494580539374,0.659
2011-05-23,2011-05-27,Long,1.4044,1.431,0.018940472799772113,4,10,1.4,0.207179998400758,-0.20300743741830996,1.2799494580539374,0.659
2011-05-31,2011-06-10,Short,1.4394,1.4346,0.003334722801167094,10,10,1.4,0.207179998400758,-0.20300743741830996,1.2799494580539374,0.659
2011-06-15,2011-06-21,Long,1.4164,1.4401,0.016732561423326624,6,10,1.4,0.207179998400758,-0.20300743741830996,1.2799494580539374,0.659
2011-06-29,2011-07-06,Short,1.4432,1.4316,0.008037694013303807,7,10,1.4,0.207179998400758,-0.20300743741830996,1.2799494580539374,0.659
2011-07-11,2011-07-20,Long,1.4045,1.422,0.01245995016019925,9,10,1.4,0.207179998400758,-0.20300743741830996,1.2799494580539374,0.659
2011-07-21,2011-08-01,Short,1.4418,1.4253,0.011444028297960854,11,10,1.4,0.207179998400758,-0.20300743741830996,1.2799494580539374,0.659
2011-08-02,2011-08-03,Long,1.4189,1.4359,0.011981112129114034,1,10,1.4,0.207179998400758,-0.20300743741830996,1.2799494580539374,0.659
2011-08-04,2011-08-09,Long,1.4091,1.4391,0.02129018522461147,5,10,1.4,0.207179998400758,-0.20300743741830996,1.2799494580539374,0.659
2011-08-15,2011-08-25,Short,1.4448,1.4372,0.00526024363233669,10,10,1.4,0.207179998400758,-0.20300743741830996,1.2799494580539374,0.659
2011-08-26,2011-08-31,Short,1.4498,1.4379,0.008208028693612927,5,10,1.4,0.207179998400758,-0.20300743741830996,1.2799494580539374,0.659
2011-09-01,2011-10-10,Long,1.426,1.3636,-0.04375876577840113,39,10,1.4,0.207179998400758,-0.20300743741830996,1.2799494580539374,0.659
2011-10-12,2011-10-31,Short,1.3778,1.3857,-0.005733778487443764,19,10,1.4,0.207179998400758,-0.20300743741830996,1.2799494580539374,0.659
2011-11-09,2011-11-11,Long,1.3541,1.3746,0.01513920685326044,2,10,1.4,0.207179998400758,-0.20300743741830996,1.2799494580539374,0.659
2011-11-15,2011-11-30,Long,1.3536,1.3445,-0.006722813238770602,15,10,1.4,0.207179998400758,-0.20300743741830996,1.2799494580539374,0.659
2011-12-12,2011-12-26,Long,1.3187,1.3058,-0.009782361416546531,14,10,1.4,0.207179998400758,-0.20300743741830996,1.2799494580539374,0.659
2011-12-28,2012-01-03,Long,1.294,1.305,0.00850077279752697,6,10,1.4,0.207179998400758,-0.20300743741830996,1.2799494580539374,0.659
2012-01-05,2012-01-18,Long,1.2789,1.2862,0.005708030338572276,13,10,1.4,0.207179998400758,-0.20300743741830996,1.2799494580539374,0.659
2012-01-19,2012-02-13,Short,1.2968,1.3185,-0.01673349784083903,25,10,1.4,0.207179998400758,-0.20300743741830996,1.2799494580539374,0.659
2012-02-15,2012-02-20,Long,1.3066,1.324,0.013317005969692394,5,10,1.4,0.207179998400758,-0.20300743741830996,1.2799494580539374,0.659
2012-02-23,2012-03-01,Short,1.3371,1.3311,0.004487323311644608,7,10,1.4,0.207179998400758,-0.20300743741830996,1.2799494580539374,0.659
2012-03-06,2012-03-16,Long,1.3113,1.3175,0.0047281323877068435,10,10,1.4,0.207179998400758,-0.20300743741830996,1.2799494580539374,0.659
2012-03-26,2012-04-03,Short,1.3357,1.3235,0.009133787527139484,8,10,1.4,0.207179998400758,-0.20300743741830996,1.2799494580539374,0.659
2012-04-04,2012-04-12,Long,1.3139,1.3183,0.003348808889565385,8,10,1.4,0.207179998400758,-0.20300743741830996,1.2799494580539374,0.659
2012-04-20,2012-05-02,Short,1.322,1.3154,0.004992435703479698,12,10,1.4,0.207179998400758,-0.20300743741830996,1.2799494580539374,0.659
2012-05-04,2012-06-06,Long,1.3082,1.2576,-0.038679101054884556,33,10,1.4,0.207179998400758,-0.20300743741830996,1.2799494580539374,0.659
2012-06-14,2012-06-21,Short,1.2627,1.2546,0.006414825374198144,7,10,1.4,0.207179998400758,-0.20300743741830996,1.2799494580539374,0.659
2012-06-27,2012-06-29,Long,1.2465,1.266,0.015643802647412816,2,10,1.4,0.207179998400758,-0.20300743741830996,1.2799494580539374,0.659
2012-07-05,2012-07-18,Long,1.239,1.2278,-0.009039548022598948,13,10,1.4,0.207179998400758,-0.20300743741830996,1.2799494580539374,0.659
2012-07-20,2012-07-26,Long,1.2154,1.2278,0.010202402501234133,6,10,1.4,0.207179998400758,-0.20300743741830996,1.2799494580539374,0.659
2012-08-03,2012-08-09,Short,1.2386,1.2301,0.006862586791538796,6,10,1.4,0.207179998400758,-0.20300743741830996,1.2799494580539374,0.659
2012-08-21,2012-09-21,Short,1.247,1.2971,-0.040176423416198724,31,10,1.4,0.207179998400758,-0.20300743741830996,1.2799494580539374,0.659
2012-09-26,2012-10-04,Long,1.2872,1.3017,0.011264760720944827,8,10,1.4,0.207179998400758,-0.20300743741830996,1.2799494580539374,0.659
2012-10-05,2012-10-09,Short,1.3029,1.2882,0.01128252360119728,4,10,1.4,0.207179998400758,-0.20300743741830996,1.2799494580539374,0.659
2012-10-16,2012-10-23,Short,1.3097,1.2984,0.008627930060319224,7,10,1.4,0.207179998400758,-0.20300743741830996,1.2799494580539374,0.659
2012-10-29,2012-11-15,Long,1.2901,1.2779,-0.009456631268893876,17,10,1.4,0.207179998400758,-0.20300743741830996,1.2799494580539374,0.659
2012-11-19,2012-12-06,Short,1.2814,1.2969,-0.012096144841579403,17,10,1.4,0.207179998400758,-0.20300743741830996,1.2799494580539374,0.659
2012-12-14,2012-12-31,Short,1.316,1.3192,-0.002431610942249141,17,10,1.4,0.207179998400758,-0.20300743741830996,1.2799494580539374,0.659
2013-01-03,2013-01-10,Long,1.3048,1.3267,0.01678418148375232,7,10,1.4,0.207179998400758,-0.20300743741830996,1.2799494580539374,0.659
2013-01-11,2013-01-23,Short,1.3342,1.3318,0.0017988307600059644,12,10,1.4,0.207179998400758,-0.20300743741830996,1.2799494580539374,0.659
2013-01-25,2013-02-07,Short,1.3457,1.3396,0.004532956825444003,13,10,1.4,0.207179998400758,-0.20300743741830996,1.2799494580539374,0.659
2013-02-08,2013-03-07,Long,1.3364,1.3107,-0.019230769230769273,27,10,1.4,0.207179998400758,-0.20300743741830996,1.2799494580539374,0.659
2013-03-13,2013-03-15,Long,1.2957,1.3076,0.009184224743381972,2,10,1.4,0.207179998400758,-0.20300743741830996,1.2799494580539374,0.659
2013-03-19,2013-03-22,Long,1.2866,1.2988,0.009482356598787493,3,10,1.4,0.207179998400758,-0.20300743741830996,1.2799494580539374,0.659
2013-03-25,2013-04-04,Long,1.2845,1.2932,0.006773063448812713,10,10,1.4,0.207179998400758,-0.20300743741830996,1.2799494580539374,0.659
2013-04-05,2013-04-17,Short,1.2989,1.3035,-0.003541458156902117,12,10,1.4,0.207179998400758,-0.20300743741830996,1.2799494580539374,0.659
2013-04-23,2013-04-29,Long,1.3,1.3093,0.007153846153846049,6,10,1.4,0.207179998400758,-0.20300743741830996,1.2799494580539374,0.659
2013-04-30,2013-05-02,Short,1.3166,1.3062,0.007899134133373816,2,10,1.4,0.207179998400758,-0.20300743741830996,1.2799494580539374,0.659
2013-05-10,2013-05-23,Long,1.2992,1.2932,-0.0046182266009852264,13,10,1.4,0.207179998400758,-0.20300743741830996,1.2799494580539374,0.659
2013-05-30,2013-06-19,Short,1.3045,1.3295,-0.019164430816404683,20,10,1.4,0.207179998400758,-0.20300743741830996,1.2799494580539374,0.659
2013-06-21,2013-07-10,Long,1.3115,1.3023,-0.007014868471216238,19,10,1.4,0.207179998400758,-0.20300743741830996,1.2799494580539374,0.659
2013-07-23,2013-08-01,Short,1.3222,1.3209,0.0009832098018454688,9,10,1.4,0.207179998400758,-0.20300743741830996,1.2799494580539374,0.659
2013-08-07,2013-08-13,Short,1.3336,1.326,0.005698860227954281,6,10,1.4,0.207179998400758,-0.20300743741830996,1.2799494580539374,0.659
2013-08-20,2013-08-28,Short,1.3417,1.3339,0.005813520160989646,8,10,1.4,0.207179998400758,-0.20300743741830996,1.2799494580539374,0.659
2013-08-29,2013-09-09,Long,1.3237,1.3252,0.0011331872780840331,11,10,1.4,0.207179998400758,-0.20300743741830996,1.2799494580539374,0.659
2013-09-11,2013-10-09,Short,1.331,1.3522,-0.01592787377911353,28,10,1.4,0.207179998400758,-0.20300743741830996,1.2799494580539374,0.659
2013-10-17,2013-10-30,Short,1.3673,1.3737,-0.0046807576976522795,13,10,1.4,0.207179998400758,-0.20300743741830996,1.2799494580539374,0.659
2013-10-31,2013-11-13,Long,1.3586,1.3486,-0.007360518180479912,13,10,1.4,0.207179998400758,-0.20300743741830996,1.2799494580539374,0.659
2013-11-19,2013-11-20,Short,1.3538,1.3439,0.007312749298271384,1,10,1.4,0.207179998400758,-0.20300743741830996,1.2799494580539374,0.659
2013-11-22,2013-12-02,Short,1.3557,1.3541,0.0011802021096111411,10,10,1.4,0.207179998400758,-0.20300743741830996,1.2799494580539374,0.659
2013-12-05,2013-12-18,Short,1.3666,1.3684,-0.0013171374213376435,13,10,1.4,0.207179998400758,-0.20300743741830996,1.2799494580539374,0.659
2013-12-19,2013-12-27,Long,1.366,1.3746,0.006295754026354275,8,10,1.4,0.207179998400758,-0.20300743741830996,1.2799494580539374,0.659
2013-12-30,2014-01-02,Short,1.3802,1.367,0.009563831328793002,3,10,1.4,0.207179998400758,-0.20300743741830996,1.2799494580539374,0.659
2014-01-03,2014-01-10,Long,1.3586,1.3668,0.006035624907993512,7,10,1.4,0.207179998400758,-0.20300743741830996,1.2799494580539374,0.659
2014-01-17,2014-01-23,Long,1.3537,1.3695,0.011671714560094583,6,10,1.4,0.207179998400758,-0.20300743741830996,1.2799494580539374,0.659
2014-01-31,2014-02-06,Long,1.3487,1.3589,0.007562838288722464,6,10,1.4,0.207179998400758,-0.20300743741830996,1.2799494580539374,0.659
2014-02-13,2014-02-26,Short,1.3678,1.3686,-0.0005848808305308773,13,10,1.4,0.207179998400758,-0.20300743741830996,1.2799494580539374,0.659
2014-02-28,2014-03-03,Short,1.3797,1.3734,0.00456621004566208,3,10,1.4,0.207179998400758,-0.20300743741830996,1.2799494580539374,0.659
2014-03-06,2014-03-19,Short,1.3859,1.3815,0.0031748322389782524,13,10,1.4,0.207179998400758,-0.20300743741830996,1.2799494580539374,0.659
2014-03-20,2014-04-01,Long,1.3779,1.3793,0.0010160388997750693,12,10,1.4,0.207179998400758,-0.20300743741830996,1.2799494580539374,0.659
2014-04-03,2014-04-08,Long,1.3716,1.3794,0.005686789151356102,5,10,1.4,0.207179998400758,-0.20300743741830996,1.2799494580539374,0.659
2014-04-09,2014-04-18,Short,1.3853,1.3808,0.0032483938497076073,9,10,1.4,0.207179998400758,-0.20300743741830996,1.2799494580539374,0.659
2014-04-25,2014-04-29,Short,1.3831,1.3812,0.0013737256886703873,4,10,1.4,0.207179998400758,-0.20300743741830996,1.2799494580539374,0.659
2014-04-30,2014-05-08,Short,1.3863,1.3839,0.001731227007141441,8,10,1.4,0.207179998400758,-0.20300743741830996,1.2799494580539374,0.659
2014-05-09,2014-06-05,Long,1.3751,1.3663,-0.006399534579303264,27,10,1.4,0.207179998400758,-0.20300743741830996,1.2799494580539374,0.659
2014-06-10,2014-06-18,Long,1.3546,1.3589,0.0031743688173630374,8,10,1.4,0.207179998400758,-0.20300743741830996,1.2799494580539374,0.659
2014-06-25,2014-07-03,Short,1.363,1.3609,0.0015407190022010205,8,10,1.4,0.207179998400758,-0.20300743741830996,1.2799494580539374,0.659
2014-07-15,2014-08-08,Long,1.3568,1.341,-0.011645047169811348,24,10,1.4,0.207179998400758,-0.20300743741830996,1.2799494580539374,0.659
2014-08-19,2014-09-16,Long,1.3318,1.2957,-0.027106172097912613,28,10,1.4,0.207179998400758,-0.20300743741830996,1.2799494580539374,0.659
2014-09-17,2014-10-08,Long,1.2844,1.273,-0.008875739644970473,21,10,1.4,0.207179998400758,-0.20300743741830996,1.2799494580539374,0.659
2014-10-15,2014-10-21,Short,1.2817,1.271,0.008348287430756147,6,10,1.4,0.207179998400758,-0.20300743741830996,1.2799494580539374,0.659
2014-10-31,2014-11-13,Long,1.2521,1.24752,-0.003657854803929421,13,10,1.4,0.207179998400758,-0.20300743741830996,1.2799494580539374,0.659
2014-11-18,2014-11-21,Short,1.2531,1.239,0.011252094804883888,3,10,1.4,0.207179998400758,-0.20300743741830996,1.2799494580539374,0.659
2014-12-02,2014-12-10,Long,1.23825,1.24454,0.005079749646678705,8,10,1.4,0.207179998400758,-0.20300743741830996,1.2799494580539374,0.659
2014-12-16,2014-12-17,Short,1.25106,1.23305,0.01439579236807194,1,10,1.4,0.207179998400758,-0.20300743741830996,1.2799494580539374,0.659
2014-12-19,2015-02-03,Long,1.22255,1.14642,-0.06227148173898821,46,10,1.4,0.207179998400758,-0.20300743741830996,1.2799494580539374,0.659
2015-02-05,2015-02-06,Short,1.1476,1.13095,0.014508539560822634,1,10,1.4,0.207179998400758,-0.20300743741830996,1.2799494580539374,0.659
2015-02-26,2015-03-18,Long,1.11942,1.08223,-0.03322256168372912,20,10,1.4,0.207179998400758,-0.20300743741830996,1.2799494580539374,0.659
2015-03-23,2015-03-30,Short,1.09584,1.08289,0.011817418601255673,7,10,1.4,0.207179998400758,-0.20300743741830996,1.2799494580539374,0.659
2015-04-09,2015-04-16,Long,1.06633,1.076,0.009068487241285594,7,10,1.4,0.207179998400758,-0.20300743741830996,1.2799494580539374,0.659
2015-04-24,2015-05-11,Short,1.08695,1.11484,-0.025658953953723692,17,10,1.4,0.207179998400758,-0.20300743741830996,1.2799494580539374,0.659
2015-05-13,2015-05-19,Short,1.13527,1.11461,0.018198314057448803,6,10,1.4,0.207179998400758,-0.20300743741830996,1.2799494580539374,0.659
2015-05-22,2015-06-02,Long,1.1002,1.11511,0.01355208143973821,11,10,1.4,0.207179998400758,-0.20300743741830996,1.2799494580539374,0.659
2015-06-03,2015-06-16,Short,1.12654,1.12466,0.0016688266728212967,13,10,1.4,0.207179998400758,-0.20300743741830996,1.2799494580539374,0.659
2015-06-23,2015-07-10,Long,1.11712,1.11516,-0.0017545116012603497,17,10,1.4,0.207179998400758,-0.20300743741830996,1.2799494580539374,0.659
2015-07-15,2015-07-23,Long,1.09586,1.0984,0.00231781431934735,8,10,1.4,0.207179998400758,-0.20300743741830996,1.2799494580539374,0.659
2015-07-27,2015-07-30,Short,1.10858,1.09309,0.013972830106983714,3,10,1.4,0.207179998400758,-0.20300743741830996,1.2799494580539374,0.659
2015-08-04,2015-08-10,Long,1.08893,1.10175,0.011773024895998874,6,10,1.4,0.207179998400758,-0.20300743741830996,1.2799494580539374,0.659
2015-08-11,2015-08-18,Short,1.10438,1.10254,0.0016660931925603886,7,10,1.4,0.207179998400758,-0.20300743741830996,1.2799494580539374,0.659
2015-08-20,2015-08-27,Short,1.12328,1.12415,-0.0007745174845095848,7,10,1.4,0.207179998400758,-0.20300743741830996,1.2799494580539374,0.659
2015-09-10,2015-09-21,Short,1.12875,1.11864,0.008956810631229096,11,10,1.4,0.207179998400758,-0.20300743741830996,1.2799494580539374,0.659
2015-09-22,2015-09-29,Long,1.11307,1.12545,0.01112239122427166,7,10,1.4,0.207179998400758,-0.20300743741830996,1.2799494580539374,0.659
2015-10-06,2015-10-19,Short,1.12646,1.13269,-0.0055306002876266865,13,10,1.4,0.207179998400758,-0.20300743741830996,1.2799494580539374,0.659
2015-10-22,2015-11-19,Long,1.1106,1.0729,-0.03394561498289219,28,10,1.4,0.207179998400758,-0.20300743741830996,1.2799494580539374,0.659
2015-11-27,2015-12-03,Long,1.05874,1.09268,0.03205697338345588,6,10,1.4,0.207179998400758,-0.20300743741830996,1.2799494580539374,0.659
2015-12-04,2015-12-16,Short,1.08818,1.08909,-0.0008362587071991458,12,10,1.4,0.207179998400758,-0.20300743741830996,1.2799494580539374,0.659
2015-12-31,2016-01-07,Long,1.08584,1.0921,0.005765121933249977,7,10,1.4,0.207179998400758,-0.20300743741830996,1.2799494580539374,0.659
2016-01-22,2016-01-27,Long,1.07934,1.09023,0.010089499138362394,5,10,1.4,0.207179998400758,-0.20300743741830996,1.2799494580539374,0.659
2016-02-03,2016-02-15,Short,1.10811,1.11631,-0.007399987365875216,12,10,1.4,0.207179998400758,-0.20300743741830996,1.2799494580539374,0.659
2016-02-22,2016-03-04,Long,1.10271,1.1004,-0.0020948390782708367,11,10,1.4,0.207179998400758,-0.20300743741830996,1.2799494580539374,0.659
2016-03-10,2016-03-23,Short,1.11791,1.1182,-0.0002594126539704659,13,10,1.4,0.207179998400758,-0.20300743741830996,1.2799494580539374,0.659
2016-03-30,2016-04-13,Short,1.13322,1.1279,0.004694587105769393,14,10,1.4,0.207179998400758,-0.20300743741830996,1.2799494580539374,0.659
2016-04-14,2016-04-19,Long,1.12625,1.13566,0.008355160932297375,5,10,1.4,0.207179998400758,-0.20300743741830996,1.2799494580539374,0.659
2016-04-22,2016-04-26,Long,1.12153,1.1299,0.007463019268320945,4,10,1.4,0.207179998400758,-0.20300743741830996,1.2799494580539374,0.659
2016-04-29,2016-05-06,Short,1.14485,1.13991,0.004314975761016679,7,10,1.4,0.207179998400758,-0.20300743741830996,1.2799494580539374,0.659
2016-05-13,2016-06-01,Long,1.1305,1.1184,-0.010703228659885006,19,10,1.4,0.207179998400758,-0.20300743741830996,1.2799494580539374,0.659
2016-06-03,2016-06-10,Short,1.13627,1.12484,0.010059228880459601,7,10,1.4,0.207179998400758,-0.20300743741830996,1.2799494580539374,0.659
2016-06-22,2016-06-24,Short,1.13308,1.11148,0.019063084689518887,2,10,1.4,0.207179998400758,-0.20300743741830996,1.2799494580539374,0.659
2016-06-27,2016-07-13,Long,1.10103,1.10982,0.007983433693904867,16,10,1.4,0.207179998400758,-0.20300743741830996,1.2799494580539374,0.659
2016-07-15,2016-07-18,Long,1.10261,1.10744,0.0043805153227341395,3,10,1.4,0.207179998400758,-0.20300743741830996,1.2799494580539374,0.659
2016-07-19,2016-07-27,Long,1.10179,1.10576,0.0036032274752902356,8,10,1.4,0.207179998400758,-0.20300743741830996,1.2799494580539374,0.659
2016-07-28,2016-08-05,Short,1.10775,1.1081,-0.0003159557661927984,8,10,1.4,0.207179998400758,-0.20300743741830996,1.2799494580539374,0.659
2016-08-16,2016-08-26,Short,1.1277,1.1195,0.007271437439035191,10,10,1.4,0.207179998400758,-0.20300743741830996,1.2799494580539374,0.659
2016-08-29,2016-09-06,Long,1.11867,1.12443,0.005148971546568681,8,10,1.4,0.207179998400758,-0.20300743741830996,1.2799494580539374,0.659
2016-09-08,2016-09-16,Short,1.12645,1.11566,0.009578765147143554,8,10,1.4,0.207179998400758,-0.20300743741830996,1.2799494580539374,0.659
2016-09-19,2016-09-22,Long,1.11781,1.12101,0.0028627405373006965,3,10,1.4,0.207179998400758,-0.20300743741830996,1.2799494580539374,0.659
2016-10-06,2016-10-28,Long,1.11456,1.0981,-0.014768159632500645,22,10,1.4,0.207179998400758,-0.20300743741830996,1.2799494580539374,0.659
2016-11-01,2016-11-08,Short,1.10559,1.1013,0.0038802811168698404,7,10,1.4,0.207179998400758,-0.20300743741830996,1.2799494580539374,0.659
2016-11-10,2016-11-29,Long,1.0885,1.06481,-0.02176389526871841,19,10,1.4,0.207179998400758,-0.20300743741830996,1.2799494580539374,0.659
2016-12-01,2016-12-08,Short,1.06589,1.06132,0.004287496833631953,7,10,1.4,0.207179998400758,-0.20300743741830996,1.2799494580539374,0.659
2016-12-09,2016-12-27,Long,1.05578,1.04588,-0.00937695353198585,18,10,1.4,0.207179998400758,-0.20300743741830996,1.2799494580539374,0.659
2016-12-29,2017-01-03,Short,1.04925,1.0409,0.007958065284727261,5,10,1.4,0.207179998400758,-0.20300743741830996,1.2799494580539374,0.659
2017-01-05,2017-01-26,Short,1.06021,1.06799,-0.0073381688533402795,21,10,1.4,0.207179998400758,-0.20300743741830996,1.2799494580539374,0.659
2017-01-31,2017-02-07,Short,1.07954,1.06805,0.01064342219834374,7,10,1.4,0.207179998400758,-0.20300743741830996,1.2799494580539374,0.659
2017-02-09,2017-02-16,Long,1.06526,1.06681,0.0014550438390627078,7,10,1.4,0.207179998400758,-0.20300743741830996,1.2799494580539374,0.659
2017-02-21,2017-03-03,Long,1.05354,1.06182,0.007859217495301617,10,10,1.4,0.207179998400758,-0.20300743741830996,1.2799494580539374,0.659
2017-03-10,2017-03-29,Short,1.067,1.07649,-0.008894095595126522,19,10,1.4,0.207179998400758,-0.20300743741830996,1.2799494580539374,0.659
2017-03-30,2017-04-12,Long,1.06841,1.06665,-0.00164730768150802,13,10,1.4,0.207179998400758,-0.20300743741830996,1.2799494580539374,0.659
2017-04-18,2017-05-09,Short,1.07289,1.08819,-0.014260548611693737,21,10,1.4,0.207179998400758,-0.20300743741830996,1.2799494580539374,0.659
2017-05-16,2017-05-29,Short,1.10946,1.11385,-0.003956879923566524,13,10,1.4,0.207179998400758,-0.20300743741830996,1.2799494580539374,0.659
2017-06-02,2017-06-08,Short,1.1279,1.12034,0.006702721872506439,6,10,1.4,0.207179998400758,-0.20300743741830996,1.2799494580539374,0.659
2017-06-15,2017-06-23,Long,1.11462,1.1183,0.003301573630475075,8,10,1.4,0.207179998400758,-0.20300743741830996,1.2799494580539374,0.659
2017-06-27,2017-07-13,Short,1.1343,1.13957,-0.004646037203561567,16,10,1.4,0.207179998400758,-0.20300743741830996,1.2799494580539374,0.659
2017-07-14,2017-08-08,Short,1.14613,1.17592,-0.025991815937110085,25,10,1.4,0.207179998400758,-0.20300743741830996,1.2799494580539374,0.659
2017-08-17,2017-08-21,Long,1.17266,1.18093,0.0070523425374788935,4,10,1.4,0.207179998400758,-0.20300743741830996,1.2799494580539374,0.659
2017-08-25,2017-09-01,Short,1.1924,1.1857,0.0056189198255618324,7,10,1.4,0.207179998400758,-0.20300743741830996,1.2799494580539374,0.659
2017-09-07,2017-09-13,Short,1.20187,1.18934,0.010425420386564212,6,10,1.4,0.207179998400758,-0.20300743741830996,1.2799494580539374,0.659
2017-09-25,2017-10-10,Long,1.18554,1.18107,-0.003770433726403136,15,10,1.4,0.207179998400758,-0.20300743741830996,1.2799494580539374,0.659
2017-10-11,2017-10-17,Short,1.18627,1.17682,0.007966145987001239,6,10,1.4,0.207179998400758,-0.20300743741830996,1.2799494580539374,0.659
2017-10-23,2017-10-25,Long,1.17494,1.18153,0.005608797044955379,2,10,1.4,0.207179998400758,-0.20300743741830996,1.2799494580539374,0.659
2017-10-26,2017-11-09,Long,1.16455,1.16432,-0.00019750118071353953,14,10,1.4,0.207179998400758,-0.20300743741830996,1.2799494580539374,0.659
2017-11-14,2017-12-05,Short,1.17979,1.18285,-0.00259368192644459,21,10,1.4,0.207179998400758,-0.20300743741830996,1.2799494580539374,0.659
2017-12-06,2017-12-13,Long,1.18026,1.18256,0.0019487231626929393,7,10,1.4,0.207179998400758,-0.20300743741830996,1.2799494580539374,0.659
2017-12-19,2018-01-08,Short,1.18415,1.19678,-0.010665878478233264,20,10,1.4,0.207179998400758,-0.20300743741830996,1.2799494580539374,0.659
2018-01-12,2018-02-05,Short,1.21991,1.23755,-0.014460083120885866,24,10,1.4,0.207179998400758,-0.20300743741830996,1.2799494580539374,0.659
2018-02-07,2018-02-14,Long,1.22535,1.24538,0.01634635002244256,7,10,1.4,0.207179998400758,-0.20300743741830996,1.2799494580539374,0.659
2018-02-15,2018-02-20,Short,1.25003,1.2333,0.013383678791708929,5,10,1.4,0.207179998400758,-0.20300743741830996,1.2799494580539374,0.659
2018-02-27,2018-03-02,Long,1.22351,1.2317,0.006693856200603116,3,10,1.4,0.207179998400758,-0.20300743741830996,1.2799494580539374,0.659
2018-03-06,2018-03-09,Short,1.24206,1.23054,0.009274914255349964,3,10,1.4,0.207179998400758,-0.20300743741830996,1.2799494580539374,0.659
2018-03-20,2018-03-21,Long,1.22453,1.23421,0.007905073783410887,1,10,1.4,0.207179998400758,-0.20300743741830996,1.2799494580539374,0.659
2018-03-26,2018-03-28,Short,1.2451,1.23095,0.011364549032206333,2,10,1.4,0.207179998400758,-0.20300743741830996,1.2799494580539374,0.659
2018-04-10,2018-04-19,Short,1.2356,1.23419,0.0011411460019424842,9,10,1.4,0.207179998400758,-0.20300743741830996,1.2799494580539374,0.659
2018-04-20,2018-05-31,Long,1.22864,1.17048,-0.04733689282458653,41,10,1.4,0.207179998400758,-0.20300743741830996,1.2799494580539374,0.659
2018-06-06,2018-06-14,Short,1.17815,1.1582,0.016933327674744415,8,10,1.4,0.207179998400758,-0.20300743741830996,1.2799494580539374,0.659
2018-06-15,2018-06-25,Long,1.1609,1.1702,0.00801102592815907,10,10,1.4,0.207179998400758,-0.20300743741830996,1.2799494580539374,0.659
2018-07-06,2018-07-11,Short,1.17462,1.16757,0.006001941053276805,5,10,1.4,0.207179998400758,-0.20300743741830996,1.2799494580539374,0.659
2018-07-25,2018-07-26,Short,1.17312,1.16413,0.007663325150027134,1,10,1.4,0.207179998400758,-0.20300743741830996,1.2799494580539374,0.659
2018-08-02,2018-08-20,Long,1.15854,1.14918,-0.008079134082552017,18,10,1.4,0.207179998400758,-0.20300743741830996,1.2799494580539374,0.659
2018-08-22,2018-08-31,Short,1.15968,1.1599,-0.00018970750551866632,9,10,1.4,0.207179998400758,-0.20300743741830996,1.2799494580539374,0.659
2018-09-07,2018-09-12,Long,1.15521,1.16275,0.0065269518096275824,5,10,1.4,0.207179998400758,-0.20300743741830996,1.2799494580539374,0.659
2018-09-13,2018-09-27,Short,1.16896,1.16346,0.004705036955926687,14,10,1.4,0.207179998400758,-0.20300743741830996,1.2799494580539374,0.659
2018-09-28,2018-10-11,Long,1.16,1.15921,-0.0006810344827584883,13,10,1.4,0.207179998400758,-0.20300743741830996,1.2799494580539374,0.659
2018-10-18,2018-11-05,Long,1.14554,1.14081,-0.004129057038601796,18,10,1.4,0.207179998400758,-0.20300743741830996,1.2799494580539374,0.659
2018-11-12,2018-11-16,Long,1.12193,1.1418,0.017710552351750848,4,10,1.4,0.207179998400758,-0.20300743741830996,1.2799494580539374,0.659
2018-12-11,2018-12-12,Long,1.13194,1.13708,0.004540876724914876,1,10,1.4,0.207179998400758,-0.20300743741830996,1.2799494580539374,0.659
2018-12-14,2018-12-18,Long,1.1307,1.137,0.005571769700185701,4,10,1.4,0.207179998400758,-0.20300743741830996,1.2799494580539374,0.659
2018-12-20,2018-12-26,Short,1.14482,1.13552,0.008123547806641974,6,10,1.4,0.207179998400758,-0.20300743741830996,1.2799494580539374,0.659
2018-12-31,2019-01-02,Short,1.1466,1.13369,0.01125937554508981,2,10,1.4,0.207179998400758,-0.20300743741830996,1.2799494580539374,0.659
2019-01-09,2019-01-15,Short,1.15482,1.14057,0.01233958538993079,6,10,1.4,0.207179998400758,-0.20300743741830996,1.2799494580539374,0.659
2019-01-18,2019-01-25,Long,1.136,1.1405,0.003961267605633954,7,10,1.4,0.207179998400758,-0.20300743741830996,1.2799494580539374,0.659
2019-01-30,2019-02-05,Short,1.148,1.1404,0.006620209059233301,6,10,1.4,0.207179998400758,-0.20300743741830996,1.2799494580539374,0.659
2019-02-07,2019-02-19,Long,1.13419,1.13388,-0.00027332281187458226,12,10,1.4,0.207179998400758,-0.20300743741830996,1.2799494580539374,0.659
2019-02-26,2019-03-04,Short,1.13928,1.13355,0.005029492310933232,6,10,1.4,0.207179998400758,-0.20300743741830996,1.2799494580539374,0.659
2019-03-05,2019-03-13,Long,1.12988,1.13372,0.0033985910008143038,8,10,1.4,0.207179998400758,-0.20300743741830996,1.2799494580539374,0.659
2019-03-20,2019-03-22,Short,1.14202,1.13,0.01052520971611718,2,10,1.4,0.207179998400758,-0.20300743741830996,1.2799494580539374,0.659
2019-03-26,2019-04-08,Long,1.12752,1.12562,-0.0016851142330069646,13,10,1.4,0.207179998400758,-0.20300743741830996,1.2799494580539374,0.659
2019-04-09,2019-04-18,Short,1.12663,1.12365,0.0026450564959214495,9,10,1.4,0.207179998400758,-0.20300743741830996,1.2799494580539374,0.659
2019-04-23,2019-04-30,Long,1.12216,1.12109,-0.0009535182148714322,7,10,1.4,0.207179998400758,-0.20300743741830996,1.2799494580539374,0.659
2019-05-10,2019-05-16,Short,1.12379,1.11737,0.005712811112396526,6,10,1.4,0.207179998400758,-0.20300743741830996,1.2799494580539374,0.659
2019-05-17,2019-05-24,Long,1.11581,1.1202,0.003934361584857741,7,10,1.4,0.207179998400758,-0.20300743741830996,1.2799494580539374,0.659
2019-05-29,2019-05-31,Long,1.1137,1.11686,0.0028373888839005584,2,10,1.4,0.207179998400758,-0.20300743741830996,1.2799494580539374,0.659
2019-06-03,2019-06-14,Short,1.1245,1.12089,0.003210315695864929,11,10,1.4,0.207179998400758,-0.20300743741830996,1.2799494580539374,0.659
2019-06-18,2019-06-20,Long,1.1195,1.1291,0.008575256811076421,2,10,1.4,0.207179998400758,-0.20300743741830996,1.2799494580539374,0.659
2019-06-21,2019-07-01,Short,1.13685,1.12858,0.007274486519769539,10,10,1.4,0.207179998400758,-0.20300743741830996,1.2799494580539374,0.659
2019-07-05,2019-07-12,Long,1.12245,1.127,0.004053632678515795,7,10,1.4,0.207179998400758,-0.20300743741830996,1.2799494580539374,0.659
2019-07-23,2019-08-05,Long,1.11518,1.12245,0.0065191269570830605,13,10,1.4,0.207179998400758,-0.20300743741830996,1.2799494580539374,0.659
2019-08-15,2019-08-23,Long,1.11099,1.11431,0.002988325727504289,8,10,1.4,0.207179998400758,-0.20300743741830996,1.2799494580539374,0.659
2019-08-29,2019-09-09,Long,1.10577,1.10487,-0.0008139124772781871,11,10,1.4,0.207179998400758,-0.20300743741830996,1.2799494580539374,0.659
2019-09-23,2019-10-03,Long,1.09952,1.09719,-0.00211910651920833,10,10,1.4,0.207179998400758,-0.20300743741830996,1.2799494580539374,0.659
2019-10-10,2019-10-25,Short,1.10071,1.10799,-0.006613912838077198,15,10,1.4,0.207179998400758,-0.20300743741830996,1.2799494580539374,0.659
2019-11-05,2019-11-15,Long,1.1075,1.10512,-0.0021489841986454417,10,10,1.4,0.207179998400758,-0.20300743741830996,1.2799494580539374,0.659
2019-11-19,2019-11-22,Short,1.10774,1.1022,0.005001173560582699,3,10,1.4,0.207179998400758,-0.20300743741830996,1.2799494580539374,0.659
2019-12-05,2019-12-18,Short,1.11039,1.1115,-0.0009996487720530123,13,10,1.4,0.207179998400758,-0.20300743741830996,1.2799494580539374,0.659
2019-12-27,2020-01-07,Short,1.11754,1.11477,0.0024786584820229605,11,10,1.4,0.207179998400758,-0.20300743741830996,1.2799494580539374,0.659
2020-01-08,2020-01-15,Long,1.11097,1.11517,0.003780480120975347,7,10,1.4,0.207179998400758,-0.20300743741830996,1.2799494580539374,0.659
2020-01-17,2020-01-31,Long,1.1088,1.10917,0.00033369408369406697,14,10,1.4,0.207179998400758,-0.20300743741830996,1.2799494580539374,0.659
2020-02-06,2020-02-21,Long,1.098,1.08471,-0.012103825136612043,15,10,1.4,0.207179998400758,-0.20300743741830996,1.2799494580539374,0.659
2020-02-25,2020-03-12,Short,1.08804,1.11757,-0.02714054630344478,16,10,1.4,0.207179998400758,-0.20300743741830996,1.2799494580539374,0.659
2020-03-17,2020-03-26,Long,1.1015,1.10343,0.0017521561507035746,9,10,1.4,0.207179998400758,-0.20300743741830996,1.2799494580539374,0.659
2020-04-14,2020-04-16,Short,1.0983,1.08601,0.011190020941455098,2,10,1.4,0.207179998400758,-0.20300743741830996,1.2799494580539374,0.659
2020-04-22,2020-04-29,Long,1.08229,1.08745,0.0047676685546388245,7,10,1.4,0.207179998400758,-0.20300743741830996,1.2799494580539374,0.659
2020-04-30,2020-05-05,Short,1.0943,1.08437,0.00907429406926802,5,10,1.4,0.207179998400758,-0.20300743741830996,1.2799494580539374,0.659
2020-05-18,2020-06-12,Short,1.09158,1.12601,-0.03154143535059268,25,10,1.4,0.207179998400758,-0.20300743741830996,1.2799494580539374,0.659
2020-06-18,2020-06-23,Long,1.12089,1.13078,0.008823345734193324,5,10,1.4,0.207179998400758,-0.20300743741830996,1.2799494580539374,0.659
2020-07-06,2020-08-07,Short,1.13099,1.1787,-0.04218428102812593,32,10,1.4,0.207179998400758,-0.20300743741830996,1.2799494580539374,0.659
2020-08-18,2020-08-21,Short,1.19393,1.17958,0.012019130099754478,3,10,1.4,0.207179998400758,-0.20300743741830996,1.2799494580539374,0.659
2020-08-31,2020-09-02,Short,1.1937,1.18526,0.007070453212700011,2,10,1.4,0.207179998400758,-0.20300743741830996,1.2799494580539374,0.659
2020-09-08,2020-09-11,Long,1.17667,1.18453,0.0066798677624142514,3,10,1.4,0.207179998400758,-0.20300743741830996,1.2799494580539374,0.659
2020-09-21,2020-09-29,Long,1.1769,1.1739,-0.0025490695895998925,8,10,1.4,0.207179998400758,-0.20300743741830996,1.2799494580539374,0.659
2020-10-05,2020-10-13,Short,1.17806,1.1744,0.003106802709539409,8,10,1.4,0.207179998400758,-0.20300743741830996,1.2799494580539374,0.659
2020-10-21,2020-10-27,Short,1.18579,1.17871,0.005970703075586719,6,10,1.4,0.207179998400758,-0.20300743741830996,1.2799494580539374,0.659
2020-10-29,2020-11-05,Long,1.16741,1.18267,0.01307167147788699,7,10,1.4,0.207179998400758,-0.20300743741830996,1.2799494580539374,0.659
2020-11-06,2020-11-23,Short,1.18716,1.18392,0.002729202466390301,17,10,1.4,0.207179998400758,-0.20300743741830996,1.2799494580539374,0.659
2020-11-24,2020-12-22,Short,1.18898,1.2161,-0.02280946693804777,28,10,1.4,0.207179998400758,-0.20300743741830996,1.2799494580539374,0.659
2020-12-30,2020-12-31,Short,1.2296,1.22138,0.006685100845803608,1,10,1.4,0.207179998400758,-0.20300743741830996,1.2799494580539374,0.659
2021-01-05,2021-01-08,Short,1.22957,1.2197,0.008027196499589323,3,10,1.4,0.207179998400758,-0.20300743741830996,1.2799494580539374,0.659
2021-01-11,2021-01-21,Long,1.21495,1.21595,0.0008230791390593127,10,10,1.4,0.207179998400758,-0.20300743741830996,1.2799494580539374,0.659
2021-02-01,2021-02-09,Long,1.2059,1.2117,0.004809685711916434,8,10,1.4,0.207179998400758,-0.20300743741830996,1.2799494580539374,0.659
2021-02-22,2021-02-26,Short,1.21551,1.20704,0.006968268463443492,4,10,1.4,0.207179998400758,-0.20300743741830996,1.2799494580539374,0.659
2021-03-04,2021-03-11,Long,1.19688,1.19839,0.001261613528507555,7,10,1.4,0.207179998400758,-0.20300743741830996,1.2799494580539374,0.659
2021-03-23,2021-04-05,Long,1.1849,1.18123,-0.0030973077896869457,13,10,1.4,0.207179998400758,-0.20300743741830996,1.2799494580539374,0.659
2021-04-06,2021-04-30,Short,1.187,1.2019,-0.012552653748946851,24,10,1.4,0.207179998400758,-0.20300743741830996,1.2799494580539374,0.659
2021-05-07,2021-05-12,Short,1.21625,1.20693,0.0076628982528263055,5,10,1.4,0.207179998400758,-0.20300743741830996,1.2799494580539374,0.659
2021-05-18,2021-05-27,Short,1.2224,1.21936,0.0024869109947643422,9,10,1.4,0.207179998400758,-0.20300743741830996,1.2799494580539374,0.659
2021-06-03,2021-07-09,Long,1.2126,1.18746,-0.020732310737258734,36,10,1.4,0.207179998400758,-0.20300743741830996,1.2799494580539374,0.659
2021-07-13,2021-07-26,Long,1.1776,1.1801,0.002122961956521694,13,10,1.4,0.207179998400758,-0.20300743741830996,1.2799494580539374,0.659
2021-07-28,2021-08-05,Short,1.18434,1.18332,0.0008612391711839682,8,10,1.4,0.207179998400758,-0.20300743741830996,1.2799494580539374,0.659
2021-08-06,2021-08-13,Long,1.1761,1.17936,0.002771873140039147,7,10,1.4,0.207179998400758,-0.20300743741830996,1.2799494580539374,0.659
2021-08-19,2021-08-23,Long,1.16766,1.1746,0.0059435109535311385,4,10,1.4,0.207179998400758,-0.20300743741830996,1.2799494580539374,0.659
2021-08-27,2021-09-08,Short,1.17924,1.18154,-0.001950408737831119,12,10,1.4,0.207179998400758,-0.20300743741830996,1.2799494580539374,0.659
2021-09-16,2021-10-13,Long,1.17666,1.15974,-0.01437968487073585,27,10,1.4,0.207179998400758,-0.20300743741830996,1.2799494580539374,0.659
2021-10-19,2021-10-26,Short,1.16286,1.1592,0.0031474124142201096,7,10,1.4,0.207179998400758,-0.20300743741830996,1.2799494580539374,0.659
2021-10-28,2021-10-29,Short,1.1681,1.1561,0.010273093057101286,1,10,1.4,0.207179998400758,-0.20300743741830996,1.2799494580539374,0.659
2021-11-10,2021-11-26,Long,1.14781,1.13155,-0.01416610763105387,16,10,1.4,0.207179998400758,-0.20300743741830996,1.2799494580539374,0.659
2021-12-14,2021-12-16,Long,1.12579,1.13302,0.006422156885387015,2,10,1.4,0.207179998400758,-0.20300743741830996,1.2799494580539374,0.659
2021-12-17,2021-12-22,Long,1.1237,1.13258,0.00790246507074842,5,10,1.4,0.207179998400758,-0.20300743741830996,1.2799494580539374,0.659
2021-12-31,2022-01-03,Short,1.13659,1.12965,0.0061059836880492935,3,10,1.4,0.207179998400758,-0.20300743741830996,1.2799494580539374,0.659
2022-01-04,2022-01-07,Long,1.1286,1.13593,0.00649477228424602,3,10,1.4,0.207179998400758,-0.20300743741830996,1.2799494580539374,0.659
2022-01-12,2022-01-18,Short,1.14408,1.1323,0.01029648276344303,6,10,1.4,0.207179998400758,-0.20300743741830996,1.2799494580539374,0.659
2022-01-26,2022-02-01,Long,1.12408,1.12704,0.0026332645363319994,6,10,1.4,0.207179998400758,-0.20300743741830996,1.2799494580539374,0.659
2022-02-03,2022-02-11,Short,1.144,1.13457,0.008243006993006842,8,10,1.4,0.207179998400758,-0.20300743741830996,1.2799494580539374,0.659
2022-02-24,2022-03-09,Long,1.11914,1.1075,-0.010400843504834154,13,10,1.4,0.207179998400758,-0.20300743741830996,1.2799494580539374,0.659
2022-03-17,2022-03-24,Short,1.10888,1.09964,0.008332732126109351,7,10,1.4,0.207179998400758,-0.20300743741830996,1.2799494580539374,0.659
2022-03-29,2022-04-04,Short,1.10861,1.09723,0.010265106755306345,6,10,1.4,0.207179998400758,-0.20300743741830996,1.2799494580539374,0.659
2022-04-05,2022-04-20,Long,1.0906,1.08506,-0.0050797726022373925,15,10,1.4,0.207179998400758,-0.20300743741830996,1.2799494580539374,0.659
2022-04-25,2022-05-04,Long,1.07121,1.06237,-0.008252350146096432,9,10,1.4,0.207179998400758,-0.20300743741830996,1.2799494580539374,0.659
2022-05-12,2022-05-17,Long,1.03775,1.05492,0.016545410744399067,5,10,1.4,0.207179998400758,-0.20300743741830996,1.2799494580539374,0.659
2022-05-23,2022-06-01,Short,1.0689,1.06519,0.003470857891289999,9,10,1.4,0.207179998400758,-0.20300743741830996,1.2799494580539374,0.659
2022-06-09,2022-06-21,Long,1.06171,1.05337,-0.0078552523758842,12,10,1.4,0.207179998400758,-0.20300743741830996,1.2799494580539374,0.659
2022-06-29,2022-07-18,Long,1.0439,1.0144,-0.028259411821055732,19,10,1.4,0.207179998400758,-0.20300743741830996,1.2799494580539374,0.659
2022-07-19,2022-07-26,Short,1.0226,1.01179,0.01057109329160961,7,10,1.4,0.207179998400758,-0.20300743741830996,1.2799494580539374,0.659
2022-08-01,2022-08-02,Short,1.02587,1.01625,0.009377406494000177,1,10,1.4,0.207179998400758,-0.20300743741830996,1.2799494580539374,0.659
2022-08-10,2022-08-15,Short,1.02976,1.01599,0.013372047855811121,5,10,1.4,0.207179998400758,-0.20300743741830996,1.2799494580539374,0.659
2022-08-18,2022-08-30,Long,1.00866,1.00155,-0.007048956040687596,12,10,1.4,0.207179998400758,-0.20300743741830996,1.2799494580539374,0.659
2022-09-06,2022-09-07,Long,0.9904,1.00079,0.010490710823909654,1,10,1.4,0.207179998400758,-0.20300743741830996,1.2799494580539374,0.659
2022-09-12,2022-09-13,Short,1.01188,0.99642,0.015278491520733605,1,10,1.4,0.207179998400758,-0.20300743741830996,1.2799494580539374,0.659
2022-09-21,2022-09-29,Long,0.9836,0.98167,-0.0019621797478649727,8,10,1.4,0.207179998400758,-0.20300743741830996,1.2799494580539374,0.659
2022-10-04,2022-10-07,Short,0.99828,0.9741,0.024221661257362644,3,10,1.4,0.207179998400758,-0.20300743741830996,1.2799494580539374,0.659
2022-10-25,2022-10-31,Short,0.9966,0.98814,0.00848886213124626,6,10,1.4,0.207179998400758,-0.20300743741830996,1.2799494580539374,0.659
2022-11-03,2022-11-04,Long,0.9748,0.99581,0.021553139105457503,1,10,1.4,0.207179998400758,-0.20300743741830996,1.2799494580539374,0.659
2022-11-10,2022-11-21,Short,1.0208,1.02411,-0.0032425548589343125,11,10,1.4,0.207179998400758,-0.20300743741830996,1.2799494580539374,0.659
2022-12-01,2022-12-22,Short,1.05257,1.05965,-0.006726393494019376,21,10,1.4,0.207179998400758,-0.20300743741830996,1.2799494580539374,0.659
2022-12-29,2023-01-03,Short,1.06609,1.0546,0.010777701694978848,5,10,1.4,0.207179998400758,-0.20300743741830996,1.2799494580539374,0.659
2023-01-05,2023-01-06,Long,1.052,1.06413,0.011530418250950546,1,10,1.4,0.207179998400758,-0.20300743741830996,1.2799494580539374,0.659
2023-01-09,2023-01-30,Short,1.07292,1.0848,-0.011072586958953034,21,10,1.4,0.207179998400758,-0.20300743741830996,1.2799494580539374,0.659
2023-02-01,2023-02-03,Short,1.099,1.07929,0.01793448589626924,2,10,1.4,0.207179998400758,-0.20300743741830996,1.2799494580539374,0.659
2023-02-06,2023-03-01,Long,1.07252,1.0666,-0.005519710588147471,23,10,1.4,0.207179998400758,-0.20300743741830996,1.2799494580539374,0.659
2023-03-06,2023-03-07,Short,1.06791,1.0549,0.012182674569954366,1,10,1.4,0.207179998400758,-0.20300743741830996,1.2799494580539374,0.659
2023-03-13,2023-03-15,Short,1.07263,1.05766,0.013956350279220167,2,10,1.4,0.207179998400758,-0.20300743741830996,1.2799494580539374,0.659
2023-03-21,2023-04-10,Short,1.07676,1.0859,-0.00848842824770622,20,10,1.4,0.207179998400758,-0.20300743741830996,1.2799494580539374,0.659
2023-04-12,2023-04-17,Short,1.09914,1.09253,0.006013792601488441,5,10,1.4,0.207179998400758,-0.20300743741830996,1.2799494580539374,0.659
2023-04-24,2023-04-25,Short,1.10441,1.09738,0.00636538966506992,1,10,1.4,0.207179998400758,-0.20300743741830996,1.2799494580539374,0.659
2023-05-03,2023-05-04,Short,1.10606,1.10118,0.004412057212086139,1,10,1.4,0.207179998400758,-0.20300743741830996,1.2799494580539374,0.659
2023-05-09,2023-06-01,Long,1.09537,1.07597,-0.017710910468608655,23,10,1.4,0.207179998400758,-0.20300743741830996,1.2799494580539374,0.659
2023-06-08,2023-06-23,Short,1.07817,1.0891,-0.010137547882059308,15,10,1.4,0.207179998400758,-0.20300743741830996,1.2799494580539374,0.659
2023-06-29,2023-07-07,Long,1.08625,1.0964,0.009344073647871211,8,10,1.4,0.207179998400758,-0.20300743741830996,1.2799494580539374,0.659
2023-07-10,2023-07-20,Short,1.09995,1.11339,-0.012218737215328077,10,10,1.4,0.207179998400758,-0.20300743741830996,1.2799494580539374,0.659
2023-07-25,2023-08-29,Long,1.1057,1.08785,-0.016143619426607508,35,10,1.4,0.207179998400758,-0.20300743741830996,1.2799494580539374,0.659
2023-08-30,2023-08-31,Short,1.09228,1.08415,0.00744314644596621,1,10,1.4,0.207179998400758,-0.20300743741830996,1.2799494580539374,0.659
2023-09-01,2023-10-05,Long,1.07733,1.05483,-0.020884965609423267,34,10,1.4,0.207179998400758,-0.20300743741830996,1.2799494580539374,0.659
2023-10-23,2023-10-25,Short,1.06674,1.05674,0.009374355513058485,2,10,1.4,0.207179998400758,-0.20300743741830996,1.2799494580539374,0.659
2023-11-03,2023-11-30,Short,1.073,1.08861,-0.014547996272134319,27,10,1.4,0.207179998400758,-0.20300743741830996,1.2799494580539374,0.659
2023-12-04,2023-12-13,Long,1.08359,1.08742,0.0035345471995865594,9,10,1.4,0.207179998400758,-0.20300743741830996,1.2799494580539374,0.659
2023-12-14,2024-01-02,Short,1.09921,1.09416,0.004594208567971542,19,10,1.4,0.207179998400758,-0.20300743741830996,1.2799494580539374,0.659
2024-01-03,2024-01-11,Long,1.09215,1.09723,0.0046513757267774335,8,10,1.4,0.207179998400758,-0.20300743741830996,1.2799494580539374,0.659
2024-01-16,2024-02-01,Long,1.08751,1.08713,-0.00034942207427981993,16,10,1.4,0.207179998400758,-0.20300743741830996,1.2799494580539374,0.659
2024-02-02,2024-02-15,Long,1.07849,1.0772,-0.0011961167929234516,13,10,1.4,0.207179998400758,-0.20300743741830996,1.2799494580539374,0.659
2024-02-20,2024-02-29,Short,1.08076,1.08053,0.00021281320552199608,9,10,1.4,0.207179998400758,-0.20300743741830996,1.2799494580539374,0.659
2024-03-04,2024-03-14,Short,1.08555,1.08847,-0.00268988070563312,10,10,1.4,0.207179998400758,-0.20300743741830996,1.2799494580539374,0.659
2024-03-19,2024-03-20,Long,1.08649,1.09211,0.005172620088541964,1,10,1.4,0.207179998400758,-0.20300743741830996,1.2799494580539374,0.659
2024-03-22,2024-04-03,Long,1.0805,1.08334,0.0026284127718648343,12,10,1.4,0.207179998400758,-0.20300743741830996,1.2799494580539374,0.659
2024-04-10,2024-04-23,Long,1.07429,1.07019,-0.003816474136406364,13,10,1.4,0.207179998400758,-0.20300743741830996,1.2799494580539374,0.659
2024-04-25,2024-04-30,Short,1.07281,1.0669,0.005508897195216377,5,10,1.4,0.207179998400758,-0.20300743741830996,1.2799494580539374,0.659
2024-05-03,2024-05-22,Short,1.07609,1.08233,-0.005798771478222104,19,10,1.4,0.207179998400758,-0.20300743741830996,1.2799494580539374,0.659
2024-05-29,2024-05-31,Long,1.08029,1.0845,0.0038971017041720714,2,10,1.4,0.207179998400758,-0.20300743741830996,1.2799494580539374,0.659
2024-06-03,2024-06-07,Short,1.09028,1.08,0.009428770591040692,4,10,1.4,0.207179998400758,-0.20300743741830996,1.2799494580539374,0.659
2024-06-10,2024-07-01,Long,1.07648,1.07384,-0.0024524375743164737,21,10,1.4,0.207179998400758,-0.20300743741830996,1.2799494580539374,0.659
2024-07-03,2024-07-23,Short,1.07855,1.08531,-0.006267674192202586,20,10,1.4,0.207179998400758,-0.20300743741830996,1.2799494580539374,0.659
2024-07-24,2024-08-02,Long,1.084,1.09098,0.006439114391143899,9,10,1.4,0.207179998400758,-0.20300743741830996,1.2799494580539374,0.659
2024-08-05,2024-08-29,Short,1.09524,1.1078,-0.011467806142945751,24,10,1.4,0.207179998400758,-0.20300743741830996,1.2799494580539374,0.659
2024-08-30,2024-09-12,Long,1.10465,1.10735,0.0024442130991718164,13,10,1.4,0.207179998400758,-0.20300743741830996,1.2799494580539374,0.659
2024-09-16,2024-09-30,Short,1.1131,1.11349,-0.0003503728326296941,14,10,1.4,0.207179998400758,-0.20300743741830996,1.2799494580539374,0.659
2024-10-01,2024-10-30,Long,1.10676,1.08569,-0.019037551049911384,29,10,1.4,0.207179998400758,-0.20300743741830996,1.2799494580539374,0.659
2024-10-31,2024-11-06,Short,1.0882,1.07269,0.014252894688476505,6,10,1.4,0.207179998400758,-0.20300743741830996,1.2799494580539374,0.659
2024-11-08,2024-11-27,Long,1.07182,1.0566,-0.014200145546826904,19,10,1.4,0.207179998400758,-0.20300743741830996,1.2799494580539374,0.659
2024-12-12,2024-12-27,Long,1.0469,1.04239,-0.004307956824911657,15,10,1.4,0.207179998400758,-0.20300743741830996,1.2799494580539374,0.659
2024-12-31,2025-01-06,Long,1.03522,1.03898,0.0036320782055987958,6,10,1.4,0.207179998400758,-0.20300743741830996,1.2799494580539374,0.659
2025-01-10,2025-01-14,Long,1.0244,1.03076,0.006208512299882781,4,10,1.4,0.207179998400758,-0.20300743741830996,1.2799494580539374,0.659
2025-01-20,2025-01-30,Short,1.04155,1.03875,0.002688301089721966,10,10,1.4,0.207179998400758,-0.20300743741830996,1.2799494580539374,0.659
2025-01-31,2025-02-12,Long,1.03602,1.03824,0.002142815775757332,12,10,1.4,0.207179998400758,-0.20300743741830996,1.2799494580539374,0.659
2025-02-13,2025-02-27,Short,1.04641,1.03973,0.006383731042325684,14,10,1.4,0.207179998400758,-0.20300743741830996,1.2799494580539374,0.659
2025-02-28,2025-03-03,Long,1.03747,1.04857,0.0106991045524209,3,10,1.4,0.207179998400758,-0.20300743741830996,1.2799494580539374,0.659
2025-03-04,2025-03-20,Short,1.06253,1.08539,-0.021514686644141908,16,10,1.4,0.207179998400758,-0.20300743741830996,1.2799494580539374,0.659
2025-03-21,2025-04-02,Long,1.08121,1.08264,0.0013225922808705454,12,10,1.4,0.207179998400758,-0.20300743741830996,1.2799494580539374,0.659
2025-04-03,2025-04-23,Short,1.10505,1.13236,-0.024713813854576664,20,10,1.4,0.207179998400758,-0.20300743741830996,1.2799494580539374,0.659
2025-05-01,2025-05-06,Long,1.12857,1.13715,0.007602541269039609,5,10,1.4,0.207179998400758,-0.20300743741830996,1.2799494580539374,0.659
